INSERT INTO customer (name, gender, birth_date, device, main_address, detailed_address, sign_in_date)
values ('지호', 'MALE', '1997-05-08', 'Android', '경기도 고양시 일산동구 1129', '호수마을 102동 2601호', now());
INSERT INTO customer (name, gender, birth_date, device, main_address, detailed_address, sign_in_date)
values ('pkeugine', 'MALE', '1997-05-09', 'iOS', '서울시 서초구 반포대로 275', '아파트 저기 저 위에', now());
INSERT INTO customer (name, gender, birth_date, device, main_address, detailed_address, sign_in_date)
values ('지호야', 'MALE', '1997-05-10', 'Android', '경기도 고양시 일산동구 1129', '호수마을 102동 2603호', now());
INSERT INTO customer (name, gender, birth_date, device, main_address, detailed_address, sign_in_date)
values ('파일 리포멧은 습관화 하자', 'MALE', '1997-05-11', 'iOS', '경기도 고양시 일산동구 1129', '호수마을 102동 2604호', now());
INSERT INTO customer (name, gender, birth_date, device, main_address, detailed_address, sign_in_date)
values ('물론 이 파일 리포맷하면 많이 바뀔거임 ㅎ', 'MALE', '1997-05-12', 'iOS', '경기도 고양시 일산동구 1129', '호수마을 102동 2605호', now());

INSERT INTO item (name, price, img_url, category)
values ('소스 듬뿍 스테이크 3종', 8900, 'https://product-image.kurly.com/product/image/a06383d2-6612-4a9e-bac6-c7f2ebef4e57.jpg', '샐러드·닭가슴살');
INSERT INTO item (name, price, img_url, category)
values ('닭가슴살 현미 삼각주먹밥 500g 3종', 6500, 'https://product-image.kurly.com/product/image/ee5543e6-fb2f-4803-80f8-23704176d3ea.jpg', '도시락·밥류');
INSERT INTO item (name, price, img_url, category)
values ('미니 테이터 토트 (감자볼) 793g', 6980, 'https://product-image.kurly.com/product/image/cfdaaee7-1a0d-4fd1-a778-611014196880.jpg', '떡볶이·튀김·순대');
INSERT INTO item (name, price, img_url, category)
values ('사각피자 4종 (냉동)', 1680, 'https://img-cf.kurly.com/shop/data/goods/1569828407268l0.jpg', '피자·핫도그·만두');
INSERT INTO item (name, price, img_url, category)
values ('감자 스프 2종', 6400, 'https://img-cf.kurly.com/shop/data/goods/165847633346l0.jpg', '죽·스프·카레');
INSERT INTO item (name, price, img_url, category)
values ('대구막창', 19000, 'https://img-cf.kurly.com/shop/data/goods/165304054045l0.jpeg', '폭립·떡갈비·안주');
INSERT INTO item (name, price, img_url, category)
values ('버미셀리 2종', 2590, 'https://product-image.kurly.com/product/image/b18c2451-e1ac-41f6-95d0-98e251dbcb88.jpg','파스타·면류');
INSERT INTO item (name, price, img_url, category)
values ('수제 그래놀라 3종 (4입/박스)', 6460, 'https://img-cf.kurly.com/shop/data/goods/1621845859698l0.jpg', '선식·시리얼');
INSERT INTO item (name, price, img_url, category)
values ('7컬러즈, 그랑 리제르바 카베르네 소비뇽-(와인)', 18600, 'https://3p-image.kurly.com/product-image/ceb71dc8-7bae-4dc7-8a2b-3350ed9ead4a/e5e72594-90b1-4248-b146-fe3ed6b245ea.jpg', '레드와인');
INSERT INTO item (name, price, img_url, category)
values ('더 롱 리틀 독, 블랑(와인)', 15500, 'https://3p-image.kurly.com/product-image/ceb71dc8-7bae-4dc7-8a2b-3350ed9ead4a/f49df519-1501-4456-b7cb-6ae6230b18f3.jpg', '화이트와인');
INSERT INTO item (name, price, img_url, category)
values ('고세-그랑 밀레짐 2012(와인)', 171200, 'https://3p-image.kurly.com/product-image/ceb71dc8-7bae-4dc7-8a2b-3350ed9ead4a/60df6a65-6569-4ea3-a5a2-7d39aa03ce8a.jpg', '샴페인');
INSERT INTO item (name, price, img_url, category)
values ('복순도가 빨간쌀막걸리 (KurlyOnly)(1병(6.5도))', 12000, 'https://3p-image.kurly.com/product-image/ff51c73d-ad70-486d-90be-4bd1a61c6a7f/1bfcd1e1-7d60-4d2b-9519-2c5bcfe66239.jpg', '막걸리·탁주');
INSERT INTO item (name, price, img_url, category)
values ('명품안동소주 프리미엄30 30도 375ml(명품안동소주 30도)', 13000, 'https://3p-image.kurly.com/product-image/1ee6d182-b0b6-401c-b6c8-a396e5530a04/ac138531-bb5b-4047-8884-70987fe82352.jpg', '증류주·약주·청주');
INSERT INTO item (name, price, img_url, category)
values ('스파클링 플레인 (250mL X 12병))', 14400, 'https://product-image.kurly.com/product/image/aefb83ac-cb37-4c50-aa0f-7c69b24d1834.jpg', '생수·탄산수');
INSERT INTO item (name, price, img_url, category)
values ('유기농 푸룬주스 (180mL X 3개입)', 7480, 'https://product-image.kurly.com/cdn-cgi/image/width=676,format=auto/product/image/7356f17a-6d79-4cdb-9dd7-04a3c0b2af7d.jpg', '음료·주스');
INSERT INTO item (name, price, img_url, category)
values ('우리집 건강한 사과 요거트 750mL', 2980, 'https://img-cf.kurly.com/cdn-cgi/image/width=676,format=auto/shop/data/goods/1603095041992l0.jpg', '우유·두유·요거트');
INSERT INTO item (name, price, img_url, category)
values ('폴 바셋 드립백 세트 18개입', 30000, 'https://img-cf.kurly.com/cdn-cgi/image/width=676,format=auto/shop/data/goods/1640162210814l0.jpg', '커피');
INSERT INTO item (name, price, img_url, category)
values ('지유 보이차 티백', 12000, 'https://img-cf.kurly.com/cdn-cgi/image/width=676,format=auto/shop/data/goods/1550023257347l0.jpg', '차');


INSERT INTO interaction(customer_id, order_date)
values (1, now());
INSERT INTO interaction(customer_id, order_date)
values (2, now());
INSERT INTO interaction(customer_id, order_date)
values (3, now());
INSERT INTO interaction(customer_id, order_date)
values (4, now());
INSERT INTO interaction(customer_id, order_date)
values (5, now());

INSERT INTO interaction_item(interaction_id, item_id, quantity)
values (1, 1, 1);
INSERT INTO interaction_item(interaction_id, item_id, quantity)
values (1, 2, 1);
INSERT INTO interaction_item(interaction_id, item_id, quantity)
values (1, 3, 3);
INSERT INTO interaction_item(interaction_id, item_id, quantity)
values (2, 4, 2);
INSERT INTO interaction_item(interaction_id, item_id, quantity)
values (3, 5, 1);
INSERT INTO interaction_item(interaction_id, item_id, quantity)
values (3, 6, 3);
INSERT INTO interaction_item(interaction_id, item_id, quantity)
values (3, 7, 2);
INSERT INTO interaction_item(interaction_id, item_id, quantity)
values (4, 6, 2);

INSERT INTO cart(customer_id, item_id, quantity)
values (1, 1, 1);
INSERT INTO cart(customer_id, item_id, quantity)
values (1, 2, 1);
INSERT INTO cart(customer_id, item_id, quantity)
values (1, 3, 3);
INSERT INTO cart(customer_id, item_id, quantity)
values (2, 4, 2);
INSERT INTO cart(customer_id, item_id, quantity)
values (3, 5, 1);
INSERT INTO cart(customer_id, item_id, quantity)
values (3, 6, 3);
INSERT INTO cart(customer_id, item_id, quantity)
values (3, 7, 2);
INSERT INTO cart(customer_id, item_id, quantity)
values (4, 6, 2);


INSERT INTO recommend(customer_id, interaction_id, item_id, discount_rate)
values (1, 1, 1, 10);
INSERT INTO recommend(customer_id, interaction_id, item_id, discount_rate)
values (1, 1, 2, 15);
INSERT INTO recommend(customer_id, interaction_id, item_id, discount_rate)
values (1, 1, 3, 10);
INSERT INTO recommend(customer_id, interaction_id, item_id, discount_rate)
values (1, 1, 4, 10);
INSERT INTO recommend(customer_id, interaction_id, item_id, discount_rate)
values (1, 1, 5, 10);
INSERT INTO recommend(customer_id, interaction_id, item_id, discount_rate)
values (2, 4, 6, 10);
INSERT INTO recommend(customer_id, interaction_id, item_id, discount_rate)
values (2, 4, 7, 15);
INSERT INTO recommend(customer_id, interaction_id, item_id, discount_rate)
values (2, 4, 8, 20);
INSERT INTO recommend(customer_id, interaction_id, item_id, discount_rate)
values (2, 4, 9, 10);
INSERT INTO recommend(customer_id, interaction_id, item_id, discount_rate)
values (2, 4, 10, 15);
